tpo_label,official_number,article_index,article_id,title,subject,subject_english,review_url,source_page
"tpo1","1","1","1","Groundwater","地理学","Geography","https://top.zhan.com/toefl/read/practicereview-1-13.html","https://top.zhan.com/toefl/read/alltpo4.html"
"tpo1","1","2","2","The Origins of Theater","艺术","Art","https://top.zhan.com/toefl/read/practicereview-2-13.html","https://top.zhan.com/toefl/read/alltpo4.html"
"tpo1","1","3","3","Timberline Vegetation on Mountains","植物学","Botany","https://top.zhan.com/toefl/read/practicereview-3-13.html","https://top.zhan.com/toefl/read/alltpo4.html"
"tpo2","2","1","18","Desert Formation","生态学","Ecology","https://top.zhan.com/toefl/read/practicereview-18-13.html","https://top.zhan.com/toefl/read/alltpo4.html"
"tpo2","2","2","19","The Origins of Cetaceans","生物学","Biology","https://top.zhan.com/toefl/read/practicereview-19-13.html","https://top.zhan.com/toefl/read/alltpo4.html"
"tpo2","2","3","20","Early Cinema","艺术","Art","https://top.zhan.com/toefl/read/practicereview-20-13.html","https://top.zhan.com/toefl/read/alltpo4.html"
"tpo3","3","1","35","Architecture","艺术","Art","https://top.zhan.com/toefl/read/practicereview-35-13.html","https://top.zhan.com/toefl/read/alltpo4.html"
"tpo3","3","2","36","Depletion of the Ogallala Aquifer","地理学","Geography","https://top.zhan.com/toefl/read/practicereview-36-13.html","https://top.zhan.com/toefl/read/alltpo4.html"
"tpo3","3","3","37","The Long-Term Stability of Ecosystems","生态学","Ecology","https://top.zhan.com/toefl/read/practicereview-37-13.html","https://top.zhan.com/toefl/read/alltpo4.html"
"tpo4","4","1","52","Deer Populations of the Puget Sound","生物学","Biology","https://top.zhan.com/toefl/read/practicereview-52-13.html","https://top.zhan.com/toefl/read/alltpo4.html"
"tpo4","4","2","53","Cave Art in Europe","艺术","Art","https://top.zhan.com/toefl/read/practicereview-53-13.html","https://top.zhan.com/toefl/read/alltpo4.html"
"tpo4","4","3","54","Petroleum Resources","地理学","Geography","https://top.zhan.com/toefl/read/practicereview-54-13.html","https://top.zhan.com/toefl/read/alltpo4.html"
"tpo5","5","1","69","Minerals and Plants","生态学","Ecology","https://top.zhan.com/toefl/read/practicereview-69-13.html","https://top.zhan.com/toefl/read/alltpo7.html"
"tpo5","5","2","70","The Origin of the Pacific Island People","人类学","Anthropology","https://top.zhan.com/toefl/read/practicereview-70-13.html","https://top.zhan.com/toefl/read/alltpo7.html"
"tpo5","5","3","71","The Cambrian Explosion","生物学","Biology","https://top.zhan.com/toefl/read/practicereview-71-13.html","https://top.zhan.com/toefl/read/alltpo7.html"
"tpo6","6","1","86","Powering the Industrial Revolution","历史","History","https://top.zhan.com/toefl/read/practicereview-86-13.html","https://top.zhan.com/toefl/read/alltpo7.html"
"tpo6","6","2","87","William Smith","地理学","Geography","https://top.zhan.com/toefl/read/practicereview-87-13.html","https://top.zhan.com/toefl/read/alltpo7.html"
"tpo6","6","3","88","Infantile Amnesia","心理学","Psychology","https://top.zhan.com/toefl/read/practicereview-88-13.html","https://top.zhan.com/toefl/read/alltpo7.html"
"tpo7","7","1","103","The Geologic History of the Mediterranean","地理学","Geography","https://top.zhan.com/toefl/read/practicereview-103-13.html","https://top.zhan.com/toefl/read/alltpo7.html"
"tpo7","7","2","104","Ancient Rome and Greece","历史","History","https://top.zhan.com/toefl/read/practicereview-104-13.html","https://top.zhan.com/toefl/read/alltpo7.html"
"tpo7","7","3","105","Agriculture, Iron, and the Bantu Peoples","历史","History","https://top.zhan.com/toefl/read/practicereview-105-13.html","https://top.zhan.com/toefl/read/alltpo7.html"
"tpo8","8","1","120","The Rise of Teotihuacán","人类学","Anthropology","https://top.zhan.com/toefl/read/practicereview-120-13.html","https://top.zhan.com/toefl/read/alltpo7.html"
"tpo8","8","2","121","Extinction of the Dinosaurs","生物学","Biology","https://top.zhan.com/toefl/read/practicereview-121-13.html","https://top.zhan.com/toefl/read/alltpo7.html"
"tpo8","8","3","122","Running Water on Mars","天文学","Astronomy","https://top.zhan.com/toefl/read/practicereview-122-13.html","https://top.zhan.com/toefl/read/alltpo7.html"
"tpo9","9","1","137","Colonizing the Americas via the Northwest Coast","人类学","Anthropology","https://top.zhan.com/toefl/read/practicereview-137-13.html","https://top.zhan.com/toefl/read/alltpo12.html"
"tpo9","9","2","138","Reflection in Teaching","教育","Education","https://top.zhan.com/toefl/read/practicereview-138-13.html","https://top.zhan.com/toefl/read/alltpo12.html"
"tpo9","9","3","139","The Arrival of Plant Life in Hawaii","生物学","Biology","https://top.zhan.com/toefl/read/practicereview-139-13.html","https://top.zhan.com/toefl/read/alltpo12.html"
"tpo10","10","1","154","Chinese Pottery","艺术","Art","https://top.zhan.com/toefl/read/practicereview-154-13.html","https://top.zhan.com/toefl/read/alltpo12.html"
"tpo10","10","2","155","Variations in the Climate","气象学","Meteorology","https://top.zhan.com/toefl/read/practicereview-155-13.html","https://top.zhan.com/toefl/read/alltpo12.html"
"tpo10","10","3","156","Seventeenth-Century European Economic Growth","历史","History","https://top.zhan.com/toefl/read/practicereview-156-13.html","https://top.zhan.com/toefl/read/alltpo12.html"
"tpo11","11","1","171","Ancient Egyptian Sculpture","艺术","Art","https://top.zhan.com/toefl/read/practicereview-171-13.html","https://top.zhan.com/toefl/read/alltpo12.html"
"tpo11","11","2","172","Orientation and Navigation","生物学","Biology","https://top.zhan.com/toefl/read/practicereview-172-13.html","https://top.zhan.com/toefl/read/alltpo12.html"
"tpo11","11","3","173","Begging by Nestlings","生物学","Biology","https://top.zhan.com/toefl/read/practicereview-173-13.html","https://top.zhan.com/toefl/read/alltpo12.html"
"tpo12","12","1","188","Which Hand Did They Use?","人类学","Anthropology","https://top.zhan.com/toefl/read/practicereview-188-13.html","https://top.zhan.com/toefl/read/alltpo12.html"
"tpo12","12","2","189","Transition to Sound in Film","艺术","Art","https://top.zhan.com/toefl/read/practicereview-189-13.html","https://top.zhan.com/toefl/read/alltpo12.html"
"tpo12","12","3","190","Water in the Desert","生态学","Ecology","https://top.zhan.com/toefl/read/practicereview-190-13.html","https://top.zhan.com/toefl/read/alltpo12.html"
"tpo13","13","1","205","Types of Social Groups","社会学","Sociology","https://top.zhan.com/toefl/read/practicereview-205-13.html","https://top.zhan.com/toefl/read/alltpo16.html"
"tpo13","13","2","206","Biological Clocks","生物学","Biology","https://top.zhan.com/toefl/read/practicereview-206-13.html","https://top.zhan.com/toefl/read/alltpo16.html"
"tpo13","13","3","207","Methods of Studying Infant Perception","心理学","Psychology","https://top.zhan.com/toefl/read/practicereview-207-13.html","https://top.zhan.com/toefl/read/alltpo16.html"
"tpo14","14","1","222","Children and Advertising","商业","Business","https://top.zhan.com/toefl/read/practicereview-222-13.html","https://top.zhan.com/toefl/read/alltpo16.html"
"tpo14","14","2","223","Maya Water Problems","人类学","Anthropology","https://top.zhan.com/toefl/read/practicereview-223-13.html","https://top.zhan.com/toefl/read/alltpo16.html"
"tpo14","14","3","224","Pastoralism in Ancient Inner Eurasia","人类学","Anthropology","https://top.zhan.com/toefl/read/practicereview-224-13.html","https://top.zhan.com/toefl/read/alltpo16.html"
"tpo15","15","1","239","A Warm-Blooded Turtle","生物学","Biology","https://top.zhan.com/toefl/read/practicereview-239-13.html","https://top.zhan.com/toefl/read/alltpo16.html"
"tpo15","15","2","240","Mass Extinctions","考古学","Archaeology","https://top.zhan.com/toefl/read/practicereview-240-13.html","https://top.zhan.com/toefl/read/alltpo16.html"
"tpo15","15","3","241","Glacier Formation","地理学","Geography","https://top.zhan.com/toefl/read/practicereview-241-13.html","https://top.zhan.com/toefl/read/alltpo16.html"
"tpo16","16","1","256","Trade and the Ancient Middle East","历史","History","https://top.zhan.com/toefl/read/practicereview-256-13.html","https://top.zhan.com/toefl/read/alltpo16.html"
"tpo16","16","2","257","Development of the Periodic Table","化学","Chemistry","https://top.zhan.com/toefl/read/practicereview-257-13.html","https://top.zhan.com/toefl/read/alltpo16.html"
"tpo16","16","3","258","Planets in Our Solar System","天文学","Astronomy","https://top.zhan.com/toefl/read/practicereview-258-13.html","https://top.zhan.com/toefl/read/alltpo16.html"
"tpo17","17","1","273","Europe's Early Sea Trade with Asia","历史","History","https://top.zhan.com/toefl/read/practicereview-273-13.html","https://top.zhan.com/toefl/read/alltpo20.html"
"tpo17","17","2","274","Animal Signals in the Rain Forest","生物学","Biology","https://top.zhan.com/toefl/read/practicereview-274-13.html","https://top.zhan.com/toefl/read/alltpo20.html"
"tpo17","17","3","275","Symbiotic Relationships","生物学","Biology","https://top.zhan.com/toefl/read/practicereview-275-13.html","https://top.zhan.com/toefl/read/alltpo20.html"
"tpo18","18","1","290","Industrialization in the Netherlands and Scandinavia","历史","History","https://top.zhan.com/toefl/read/practicereview-290-13.html","https://top.zhan.com/toefl/read/alltpo20.html"
"tpo18","18","2","291","The Mystery of Yawning","心理学","Psychology","https://top.zhan.com/toefl/read/practicereview-291-13.html","https://top.zhan.com/toefl/read/alltpo20.html"
"tpo18","18","3","292","Lightning","气象学","Meteorology","https://top.zhan.com/toefl/read/practicereview-292-13.html","https://top.zhan.com/toefl/read/alltpo20.html"
"tpo19","19","1","307","The Roman Army's Impact on Britain","历史","History","https://top.zhan.com/toefl/read/practicereview-307-13.html","https://top.zhan.com/toefl/read/alltpo20.html"
"tpo19","19","2","308","Succession, Climax, and Ecosystems","生态学","Ecology","https://top.zhan.com/toefl/read/practicereview-308-13.html","https://top.zhan.com/toefl/read/alltpo20.html"
"tpo19","19","3","309","Discovering the Ice Ages","地理学","Geography","https://top.zhan.com/toefl/read/practicereview-309-13.html","https://top.zhan.com/toefl/read/alltpo20.html"
"tpo20","20","1","324","Westward Migration","人口统计学","Demography","https://top.zhan.com/toefl/read/practicereview-324-13.html","https://top.zhan.com/toefl/read/alltpo20.html"
"tpo20","20","2","325","Early Settlements in the Southwest Asia","人类学","Anthropology","https://top.zhan.com/toefl/read/practicereview-325-13.html","https://top.zhan.com/toefl/read/alltpo20.html"
"tpo20","20","3","326","Fossil Preservation","生物学","Biology","https://top.zhan.com/toefl/read/practicereview-326-13.html","https://top.zhan.com/toefl/read/alltpo20.html"
"tpo21","21","1","341","Geothermal Energy","地理学","Geography","https://top.zhan.com/toefl/read/practicereview-341-13.html","https://top.zhan.com/toefl/read/alltpo24.html"
"tpo21","21","2","342","The Origins of Agriculture","农业","Agriculture","https://top.zhan.com/toefl/read/practicereview-342-13.html","https://top.zhan.com/toefl/read/alltpo24.html"
"tpo21","21","3","343","Autobiographical Memory","心理学","Psychology","https://top.zhan.com/toefl/read/practicereview-343-13.html","https://top.zhan.com/toefl/read/alltpo24.html"
"tpo22","22","1","358","Spartina","植物学","Botany","https://top.zhan.com/toefl/read/practicereview-358-13.html","https://top.zhan.com/toefl/read/alltpo24.html"
"tpo22","22","2","359","The Birth of Photography","艺术","Art","https://top.zhan.com/toefl/read/practicereview-359-13.html","https://top.zhan.com/toefl/read/alltpo24.html"
"tpo22","22","3","360","The Allende Meteorite","天文学","Astronomy","https://top.zhan.com/toefl/read/practicereview-360-13.html","https://top.zhan.com/toefl/read/alltpo24.html"
"tpo23","23","1","375","Urban Climates","生态学","Ecology","https://top.zhan.com/toefl/read/practicereview-375-13.html","https://top.zhan.com/toefl/read/alltpo24.html"
"tpo23","23","2","376","Seventeenth-Century Dutch Agriculture","农业","Agriculture","https://top.zhan.com/toefl/read/practicereview-376-13.html","https://top.zhan.com/toefl/read/alltpo24.html"
"tpo23","23","3","377","Rock Art of the Australia Aborigines","艺术","Art","https://top.zhan.com/toefl/read/practicereview-377-13.html","https://top.zhan.com/toefl/read/alltpo24.html"
"tpo24","24","1","392","Lake Water","生态学","Ecology","https://top.zhan.com/toefl/read/practicereview-392-13.html","https://top.zhan.com/toefl/read/alltpo24.html"
"tpo24","24","2","393","Breathing During Sleep","生物学","Biology","https://top.zhan.com/toefl/read/practicereview-393-13.html","https://top.zhan.com/toefl/read/alltpo24.html"
"tpo24","24","3","394","Moving into Pueblos","人类学","Anthropology","https://top.zhan.com/toefl/read/practicereview-394-13.html","https://top.zhan.com/toefl/read/alltpo24.html"
"tpo25","25","1","409","The Surface of Mars","天文学","Astronomy","https://top.zhan.com/toefl/read/practicereview-409-13.html","https://top.zhan.com/toefl/read/alltpo28.html"
"tpo25","25","2","410","The Decline of Venetian Shipping","商业","Business","https://top.zhan.com/toefl/read/practicereview-410-13.html","https://top.zhan.com/toefl/read/alltpo28.html"
"tpo25","25","3","411","The Evolutionary Origin of Plants","生物学","Biology","https://top.zhan.com/toefl/read/practicereview-411-13.html","https://top.zhan.com/toefl/read/alltpo28.html"
"tpo26","26","1","426","Energy and the Industrial Revolution","历史","History","https://top.zhan.com/toefl/read/practicereview-426-13.html","https://top.zhan.com/toefl/read/alltpo28.html"
"tpo26","26","2","427","Survival of Plants and Animals in Desert Conditions","生物学","Biology","https://top.zhan.com/toefl/read/practicereview-427-13.html","https://top.zhan.com/toefl/read/alltpo28.html"
"tpo26","26","3","428","Sumer and the First Cities of the Ancient Near East","历史","History","https://top.zhan.com/toefl/read/practicereview-428-13.html","https://top.zhan.com/toefl/read/alltpo28.html"
"tpo27","27","1","443","Crafts in the Ancient Near East","艺术","Art","https://top.zhan.com/toefl/read/practicereview-443-13.html","https://top.zhan.com/toefl/read/alltpo28.html"
"tpo27","27","2","444","The Formation of Volcanic Islands","地理学","Geography","https://top.zhan.com/toefl/read/practicereview-444-13.html","https://top.zhan.com/toefl/read/alltpo28.html"
"tpo27","27","3","445","Predator-Prey Cycles","生物学","Biology","https://top.zhan.com/toefl/read/practicereview-445-13.html","https://top.zhan.com/toefl/read/alltpo28.html"
"tpo28","28","1","460","Groundwater","地理学","Geography","https://top.zhan.com/toefl/read/practicereview-460-13.html","https://top.zhan.com/toefl/read/alltpo28.html"
"tpo28","28","2","462","Buck Rubs and Buck Scrapes","生物学","Biology","https://top.zhan.com/toefl/read/practicereview-462-13.html","https://top.zhan.com/toefl/read/alltpo28.html"
"tpo28","28","3","461","Early Saharan Pastoralists","人类学","Anthropology","https://top.zhan.com/toefl/read/practicereview-461-13.html","https://top.zhan.com/toefl/read/alltpo28.html"
"tpo29","29","1","477","Characteristics of Roman Pottery","艺术","Art","https://top.zhan.com/toefl/read/practicereview-477-13.html","https://top.zhan.com/toefl/read/alltpo32.html"
"tpo29","29","2","478","Competition","社会学","Sociology","https://top.zhan.com/toefl/read/practicereview-478-13.html","https://top.zhan.com/toefl/read/alltpo32.html"
"tpo29","29","3","479","The History of Waterpower","历史","History","https://top.zhan.com/toefl/read/practicereview-479-13.html","https://top.zhan.com/toefl/read/alltpo32.html"
"tpo30","30","1","494","Role of Play in Development","心理学","Psychology","https://top.zhan.com/toefl/read/practicereview-494-13.html","https://top.zhan.com/toefl/read/alltpo32.html"
"tpo30","30","2","495","The Pace of Evolutionary Change","生物学","Biology","https://top.zhan.com/toefl/read/practicereview-495-13.html","https://top.zhan.com/toefl/read/alltpo32.html"
"tpo30","30","3","496","The Invention of the Mechanical Clock","历史","History","https://top.zhan.com/toefl/read/practicereview-496-13.html","https://top.zhan.com/toefl/read/alltpo32.html"
"tpo31","31","1","511","Speciation in Geographically Isolated Populations","生物学","Biology","https://top.zhan.com/toefl/read/practicereview-511-13.html","https://top.zhan.com/toefl/read/alltpo32.html"
"tpo31","31","2","512","Early Childhood Education","社会学","Sociology","https://top.zhan.com/toefl/read/practicereview-512-13.html","https://top.zhan.com/toefl/read/alltpo32.html"
"tpo31","31","3","513","Savanna Formation","生态学","Ecology","https://top.zhan.com/toefl/read/practicereview-513-13.html","https://top.zhan.com/toefl/read/alltpo32.html"
"tpo32","32","1","528","Plant Colonization","植物学","Botany","https://top.zhan.com/toefl/read/practicereview-528-13.html","https://top.zhan.com/toefl/read/alltpo32.html"
"tpo32","32","2","529","Siam, 1851 – 1910","人口统计学","Demography","https://top.zhan.com/toefl/read/practicereview-529-13.html","https://top.zhan.com/toefl/read/alltpo32.html"
"tpo32","32","3","530","Distributions of Tropical Bee Colonies","生物学","Biology","https://top.zhan.com/toefl/read/practicereview-530-13.html","https://top.zhan.com/toefl/read/alltpo32.html"
"tpo33","33","1","545","The First Civilizations","历史","History","https://top.zhan.com/toefl/read/practicereview-545-13.html","https://top.zhan.com/toefl/read/alltpo36.html"
"tpo33","33","2","546","Railroads and Commercial Agriculture In Nineteenth-Century United States","社会学","Sociology","https://top.zhan.com/toefl/read/practicereview-546-13.html","https://top.zhan.com/toefl/read/alltpo36.html"
"tpo33","33","3","547","Extinction Episodes of The Past","考古学","Archaeology","https://top.zhan.com/toefl/read/practicereview-547-13.html","https://top.zhan.com/toefl/read/alltpo36.html"
"tpo34","34","1","562","Islamic Art and The Book","艺术","Art","https://top.zhan.com/toefl/read/practicereview-562-13.html","https://top.zhan.com/toefl/read/alltpo36.html"
"tpo34","34","2","563","The Development of Steam Power","历史","History","https://top.zhan.com/toefl/read/practicereview-563-13.html","https://top.zhan.com/toefl/read/alltpo36.html"
"tpo34","34","3","564","Protection Of Plants By Insects","生物学","Biology","https://top.zhan.com/toefl/read/practicereview-564-13.html","https://top.zhan.com/toefl/read/alltpo36.html"
"tpo35","35","1","917","Earth’s Age","地理学","Geography","https://top.zhan.com/toefl/read/practicereview-917-13.html","https://top.zhan.com/toefl/read/alltpo36.html"
"tpo35","35","2","918","The Development of Social Complexity","社会学","Sociology","https://top.zhan.com/toefl/read/practicereview-918-13.html","https://top.zhan.com/toefl/read/alltpo36.html"
"tpo35","35","3","919","Seasonal Succession In Phytoplankton","生物学","Biology","https://top.zhan.com/toefl/read/practicereview-919-13.html","https://top.zhan.com/toefl/read/alltpo36.html"
"tpo36","36","1","951","Soil Formation","地理学","Geography","https://top.zhan.com/toefl/read/practicereview-951-13.html","https://top.zhan.com/toefl/read/alltpo36.html"
"tpo36","36","2","952","Early Ideas About Deep-sea Biology","生物学","Biology","https://top.zhan.com/toefl/read/practicereview-952-13.html","https://top.zhan.com/toefl/read/alltpo36.html"
"tpo36","36","3","953","Industrial Melanism: The Case of the Peppered Moth","生物学","Biology","https://top.zhan.com/toefl/read/practicereview-953-13.html","https://top.zhan.com/toefl/read/alltpo36.html"
"tpo37","37","1","985","Thales And The Milesians","人类学","Anthropology","https://top.zhan.com/toefl/read/practicereview-985-13.html","https://top.zhan.com/toefl/read/alltpo40.html"
"tpo37","37","2","986","Direct Species Translocation","生物学","Biology","https://top.zhan.com/toefl/read/practicereview-986-13.html","https://top.zhan.com/toefl/read/alltpo40.html"
"tpo37","37","3","987","Modern Architecture In The United States","历史","History","https://top.zhan.com/toefl/read/practicereview-987-13.html","https://top.zhan.com/toefl/read/alltpo40.html"
"tpo38","38","1","968","Microscopes","生物学","Biology","https://top.zhan.com/toefl/read/practicereview-968-13.html","https://top.zhan.com/toefl/read/alltpo40.html"
"tpo38","38","2","969","The Raccoons's Success","生物学","Biology","https://top.zhan.com/toefl/read/practicereview-969-13.html","https://top.zhan.com/toefl/read/alltpo40.html"
"tpo38","38","3","970","Transgenic Plants","生物学","Biology","https://top.zhan.com/toefl/read/practicereview-970-13.html","https://top.zhan.com/toefl/read/alltpo40.html"
"tpo39","39","1","934","Early Writing Systems","历史","History","https://top.zhan.com/toefl/read/practicereview-934-13.html","https://top.zhan.com/toefl/read/alltpo40.html"
"tpo39","39","2","935","The Extinction of Moa","生态学","Ecology","https://top.zhan.com/toefl/read/practicereview-935-13.html","https://top.zhan.com/toefl/read/alltpo40.html"
"tpo39","39","3","936","Forest Fire Suppression","生态学","Ecology","https://top.zhan.com/toefl/read/practicereview-936-13.html","https://top.zhan.com/toefl/read/alltpo40.html"
"tpo40","40","1","611","Ancient Athens","历史","History","https://top.zhan.com/toefl/read/practicereview-611-13.html","https://top.zhan.com/toefl/read/alltpo40.html"
"tpo40","40","2","612","Latitude and Biodiversity","生态学","Ecology","https://top.zhan.com/toefl/read/practicereview-612-13.html","https://top.zhan.com/toefl/read/alltpo40.html"
"tpo40","40","3","613","Amphibian Thermoregulation","生物学","Biology","https://top.zhan.com/toefl/read/practicereview-613-13.html","https://top.zhan.com/toefl/read/alltpo40.html"
"tpo41","41","1","628","Navajo Art","艺术","Art","https://top.zhan.com/toefl/read/practicereview-628-13.html","https://top.zhan.com/toefl/read/alltpo44.html"
"tpo41","41","2","629","Climate Of Venus","天文学","Astronomy","https://top.zhan.com/toefl/read/practicereview-629-13.html","https://top.zhan.com/toefl/read/alltpo44.html"
"tpo41","41","3","630","Trade And Early State Formation","社会学","Sociology","https://top.zhan.com/toefl/read/practicereview-630-13.html","https://top.zhan.com/toefl/read/alltpo44.html"
"tpo42","42","1","645","Geographic Isolation Of Species","生物学","Biology","https://top.zhan.com/toefl/read/practicereview-645-13.html","https://top.zhan.com/toefl/read/alltpo44.html"
"tpo42","42","2","646","Explaining Dinosaur Extinction","生态学","Ecology","https://top.zhan.com/toefl/read/practicereview-646-13.html","https://top.zhan.com/toefl/read/alltpo44.html"
"tpo42","42","3","647","Callisto and Ganymede","天文学","Astronomy","https://top.zhan.com/toefl/read/practicereview-647-13.html","https://top.zhan.com/toefl/read/alltpo44.html"
"tpo43","43","1","662","The Empire Of Alexander The Great","历史","History","https://top.zhan.com/toefl/read/practicereview-662-13.html","https://top.zhan.com/toefl/read/alltpo44.html"
"tpo43","43","2","663","The Origin Of Petroleum","化学","Chemistry","https://top.zhan.com/toefl/read/practicereview-663-13.html","https://top.zhan.com/toefl/read/alltpo44.html"
"tpo43","43","3","664","El Niño","气象学","Meteorology","https://top.zhan.com/toefl/read/practicereview-664-13.html","https://top.zhan.com/toefl/read/alltpo44.html"
"tpo44","44","1","679","From Fish to Terrestrial Vertebrates","生物学","Biology","https://top.zhan.com/toefl/read/practicereview-679-13.html","https://top.zhan.com/toefl/read/alltpo44.html"
"tpo44","44","2","680","The Use Of The Camera Obscura","艺术","Art","https://top.zhan.com/toefl/read/practicereview-680-13.html","https://top.zhan.com/toefl/read/alltpo44.html"
"tpo44","44","3","681","Seagrasses","植物学","Botany","https://top.zhan.com/toefl/read/practicereview-681-13.html","https://top.zhan.com/toefl/read/alltpo44.html"
"tpo45","45","1","696","The Beringia Landscape","生态学","Ecology","https://top.zhan.com/toefl/read/practicereview-696-13.html","https://top.zhan.com/toefl/read/alltpo48.html"
"tpo45","45","2","697","Wind Pollination","生态学","Ecology","https://top.zhan.com/toefl/read/practicereview-697-13.html","https://top.zhan.com/toefl/read/alltpo48.html"
"tpo45","45","3","698","Feeding Strategies In The Ocean","生态学","Ecology","https://top.zhan.com/toefl/read/practicereview-698-13.html","https://top.zhan.com/toefl/read/alltpo48.html"
"tpo46","46","1","713","The Origins of Writing","历史","History","https://top.zhan.com/toefl/read/practicereview-713-13.html","https://top.zhan.com/toefl/read/alltpo48.html"
"tpo46","46","2","714","The Commercial Revolution in Medieval Europe","社会学","Sociology","https://top.zhan.com/toefl/read/practicereview-714-13.html","https://top.zhan.com/toefl/read/alltpo48.html"
"tpo46","46","3","715","Ecosystem Diversity and Stability","生态学","Ecology","https://top.zhan.com/toefl/read/practicereview-715-13.html","https://top.zhan.com/toefl/read/alltpo48.html"
"tpo47","47","1","730","Roman Cultural Influence on Britain","社会学","Sociology","https://top.zhan.com/toefl/read/practicereview-730-13.html","https://top.zhan.com/toefl/read/alltpo48.html"
"tpo47","47","2","731","Termite Ingenuity","生物学","Biology","https://top.zhan.com/toefl/read/practicereview-731-13.html","https://top.zhan.com/toefl/read/alltpo48.html"
"tpo47","47","3","732","Coral Reefs","生物学","Biology","https://top.zhan.com/toefl/read/practicereview-732-13.html","https://top.zhan.com/toefl/read/alltpo48.html"
"tpo48","48","1","747","Chinese Population Growth","人口统计学","Demography","https://top.zhan.com/toefl/read/practicereview-747-13.html","https://top.zhan.com/toefl/read/alltpo48.html"
"tpo48","48","2","748","Determining Dinosaur Diet","考古学","Archaeology","https://top.zhan.com/toefl/read/practicereview-748-13.html","https://top.zhan.com/toefl/read/alltpo48.html"
"tpo48","48","3","749","Climate and Urban Development","气象学","Meteorology","https://top.zhan.com/toefl/read/practicereview-749-13.html","https://top.zhan.com/toefl/read/alltpo48.html"
"tpo49","49","1","900","Ancient Coastlines","地理学","Geography","https://top.zhan.com/toefl/read/practicereview-900-13.html","https://top.zhan.com/toefl/read/alltpo54.html"
"tpo49","49","2","901","Movable Type","历史","History","https://top.zhan.com/toefl/read/practicereview-901-13.html","https://top.zhan.com/toefl/read/alltpo54.html"
"tpo49","49","3","902","Background for the Industrial Revolution","历史","History","https://top.zhan.com/toefl/read/practicereview-902-13.html","https://top.zhan.com/toefl/read/alltpo54.html"
"tpo50","50","1","1278","American Railroads","社会学","Sociology","https://top.zhan.com/toefl/read/practicereview-1278-13.html","https://top.zhan.com/toefl/read/alltpo54.html"
"tpo50","50","2","1279","The Achievement of Brazilian Independence","历史","History","https://top.zhan.com/toefl/read/practicereview-1279-13.html","https://top.zhan.com/toefl/read/alltpo54.html"
"tpo50","50","3","1280","Star Death","天文学","Astronomy","https://top.zhan.com/toefl/read/practicereview-1280-13.html","https://top.zhan.com/toefl/read/alltpo54.html"
"tpo51","51","1","1295","Memphis: United Egypt's First Capital","历史","History","https://top.zhan.com/toefl/read/practicereview-1295-13.html","https://top.zhan.com/toefl/read/alltpo54.html"
"tpo51","51","2","1296","Surface Fluids on Venus and Earth","天文学","Astronomy","https://top.zhan.com/toefl/read/practicereview-1296-13.html","https://top.zhan.com/toefl/read/alltpo54.html"
"tpo51","51","3","1297","Population Growth in Nineteenth-Century Europe","人类学","Anthropology","https://top.zhan.com/toefl/read/practicereview-1297-13.html","https://top.zhan.com/toefl/read/alltpo54.html"
"tpo52","52","1","1312","Stream Deposit","地理学","Geography","https://top.zhan.com/toefl/read/practicereview-1312-13.html","https://top.zhan.com/toefl/read/alltpo54.html"
"tpo52","52","2","1313","Natufian Culture","考古学","Archaeology","https://top.zhan.com/toefl/read/practicereview-1313-13.html","https://top.zhan.com/toefl/read/alltpo54.html"
"tpo52","52","3","1314","Early Food Production in Sub-Saharan Africa","农业","Agriculture","https://top.zhan.com/toefl/read/practicereview-1314-13.html","https://top.zhan.com/toefl/read/alltpo54.html"
"tpo53","53","1","1334","Evidence of the Earliest Writing","历史","History","https://top.zhan.com/toefl/read/practicereview-1334-13.html","https://top.zhan.com/toefl/read/alltpo54.html"
"tpo53","53","2","1335","Rain Forest Soils","生态学","Ecology","https://top.zhan.com/toefl/read/practicereview-1335-13.html","https://top.zhan.com/toefl/read/alltpo54.html"
"tpo53","53","3","1336","Paleolithic Cave Paintings","考古学","Archaeology","https://top.zhan.com/toefl/read/practicereview-1336-13.html","https://top.zhan.com/toefl/read/alltpo54.html"
"tpo54","54","1","1355","The Commercialization of Lumber","商业","Business","https://top.zhan.com/toefl/read/practicereview-1355-13.html","https://top.zhan.com/toefl/read/alltpo54.html"
"tpo54","54","2","1356","Overkill of the North American Megafauna","生物学","Biology","https://top.zhan.com/toefl/read/practicereview-1356-13.html","https://top.zhan.com/toefl/read/alltpo54.html"
"tpo54","54","3","1357","Elements of Life","生物学","Biology","https://top.zhan.com/toefl/read/practicereview-1357-13.html","https://top.zhan.com/toefl/read/alltpo54.html"
"tpo55","55","1","2333","Mesolithic Complexity in Scandinavia","历史","History","https://top.zhan.com/toefl/read/practicereview-2333-13.html","https://top.zhan.com/toefl/read/alltpo58.html"
"tpo55","55","2","2334","Evolution of the Flowering Plants","植物学","Botany","https://top.zhan.com/toefl/read/practicereview-2334-13.html","https://top.zhan.com/toefl/read/alltpo58.html"
"tpo55","55","3","2335","How Herding Can Provide Safety","生物学","Biology","https://top.zhan.com/toefl/read/practicereview-2335-13.html","https://top.zhan.com/toefl/read/alltpo58.html"
"tpo56","56","1","2347","Alfred Wegener’s Theory of Continental Drift","地理学","Geography","https://top.zhan.com/toefl/read/practicereview-2347-13.html","https://top.zhan.com/toefl/read/alltpo58.html"
"tpo56","56","2","2348","Representative Government in Colonial North America","政治学","Political Science","https://top.zhan.com/toefl/read/practicereview-2348-13.html","https://top.zhan.com/toefl/read/alltpo58.html"
"tpo56","56","3","2349","Urban Heat Islands","地理学","Geography","https://top.zhan.com/toefl/read/practicereview-2349-13.html","https://top.zhan.com/toefl/read/alltpo58.html"
"tpo57","57","1","2350","Pests and Pesticides","生态学","Ecology","https://top.zhan.com/toefl/read/practicereview-2350-13.html","https://top.zhan.com/toefl/read/alltpo58.html"
"tpo57","57","2","2351","The Debate over Spontaneous Generation","动物学","Zoology","https://top.zhan.com/toefl/read/practicereview-2351-13.html","https://top.zhan.com/toefl/read/alltpo58.html"
"tpo57","57","3","2352","The Problem of Narrative Clarity in Silent Films","艺术","Art","https://top.zhan.com/toefl/read/practicereview-2352-13.html","https://top.zhan.com/toefl/read/alltpo58.html"
"tpo58","58","1","2353","The Development of Instrumental Music","艺术","Art","https://top.zhan.com/toefl/read/practicereview-2353-13.html","https://top.zhan.com/toefl/read/alltpo58.html"
"tpo58","58","2","2354","Pinyon Pines and Pinyon Jays","生物学","Biology","https://top.zhan.com/toefl/read/practicereview-2354-13.html","https://top.zhan.com/toefl/read/alltpo58.html"
"tpo58","58","3","2355","The Rise of Classic Maya Civilization","历史","History","https://top.zhan.com/toefl/read/practicereview-2355-13.html","https://top.zhan.com/toefl/read/alltpo58.html"
"tpo60","60","1","2537","Underground Life","生物学","Biology","https://top.zhan.com/toefl/read/practicereview-2537-13.html","https://top.zhan.com/toefl/read/alltpo62.html"
"tpo60","60","2","2538","The Revolution of Cheap Print","历史","History","https://top.zhan.com/toefl/read/practicereview-2538-13.html","https://top.zhan.com/toefl/read/alltpo62.html"
"tpo60","60","3","2539","Earth's Core","地理学","Geography","https://top.zhan.com/toefl/read/practicereview-2539-13.html","https://top.zhan.com/toefl/read/alltpo62.html"
"tpo61","61","1","2523","Physical Properties of Minerals","材料科学","Materials Science","https://top.zhan.com/toefl/read/practicereview-2523-13.html","https://top.zhan.com/toefl/read/alltpo62.html"
"tpo61","61","2","2524","Conditions on Earth When Life Began","环境科学","Environmental Science","https://top.zhan.com/toefl/read/practicereview-2524-13.html","https://top.zhan.com/toefl/read/alltpo62.html"
"tpo61","61","3","2525","Grasses of the Prairie","植物学","Botany","https://top.zhan.com/toefl/read/practicereview-2525-13.html","https://top.zhan.com/toefl/read/alltpo62.html"
"tpo62","62","1","2509","Plant Adaptations to Cool Environments","植物学","Botany","https://top.zhan.com/toefl/read/practicereview-2509-13.html","https://top.zhan.com/toefl/read/alltpo62.html"
"tpo62","62","2","2510","The Use of Jade and Bronze in China","考古学","Archaeology","https://top.zhan.com/toefl/read/practicereview-2510-13.html","https://top.zhan.com/toefl/read/alltpo62.html"
"tpo62","62","3","2511","Is Perceptual Development an Innate or Socially Acquired Process?","生物学","Biology","https://top.zhan.com/toefl/read/practicereview-2511-13.html","https://top.zhan.com/toefl/read/alltpo62.html"
"tpo63","63","1","2495","The Sumerians and Regional Interdependence","考古学","Archaeology","https://top.zhan.com/toefl/read/practicereview-2495-13.html","https://top.zhan.com/toefl/read/alltpo66.html"
"tpo63","63","2","2497","Structure and Composition of Comets","天文学","Astronomy","https://top.zhan.com/toefl/read/practicereview-2497-13.html","https://top.zhan.com/toefl/read/alltpo66.html"
"tpo63","63","3","2496","The Roman Empire","历史","History","https://top.zhan.com/toefl/read/practicereview-2496-13.html","https://top.zhan.com/toefl/read/alltpo66.html"
"tpo64","64","1","2390","Characteristics of Pterosaurs","考古学","Archaeology","https://top.zhan.com/toefl/read/practicereview-2390-13.html","https://top.zhan.com/toefl/read/alltpo66.html"
"tpo64","64","2","2391","Auditory Perception in Infancy","人类学","Anthropology","https://top.zhan.com/toefl/read/practicereview-2391-13.html","https://top.zhan.com/toefl/read/alltpo66.html"
"tpo64","64","3","2392","The Development of Complex Societies in Ancient Mexico","社会学","Sociology","https://top.zhan.com/toefl/read/practicereview-2392-13.html","https://top.zhan.com/toefl/read/alltpo66.html"
"tpo65","65","1","2463","The Pit Organs of Snakes","动物学","Zoology","https://top.zhan.com/toefl/read/practicereview-2463-13.html","https://top.zhan.com/toefl/read/alltpo66.html"
"tpo65","65","2","2475","Early Research on Air","气象学","Meteorology","https://top.zhan.com/toefl/read/practicereview-2475-13.html","https://top.zhan.com/toefl/read/alltpo66.html"
"tpo65","65","3","2476","Pastoralism and Agriculture in Iran","农业","Agriculture","https://top.zhan.com/toefl/read/practicereview-2476-13.html","https://top.zhan.com/toefl/read/alltpo66.html"
"tpo66","66","1","2460","The Actor and the Audience","艺术","Art","https://top.zhan.com/toefl/read/practicereview-2460-13.html","https://top.zhan.com/toefl/read/alltpo66.html"
"tpo66","66","2","2461","Visions of the Land","环境科学","Environmental Science","https://top.zhan.com/toefl/read/practicereview-2461-13.html","https://top.zhan.com/toefl/read/alltpo66.html"
"tpo66","66","3","2462","What is Coral?","海洋生物学","Marine Biology","https://top.zhan.com/toefl/read/practicereview-2462-13.html","https://top.zhan.com/toefl/read/alltpo66.html"
"tpo67","67","1","2435","Crop Engineering","农业","Agriculture","https://top.zhan.com/toefl/read/practicereview-2435-13.html","https://top.zhan.com/toefl/read/alltpo69.html"
"tpo67","67","2","2436","Human Activity and the Archaeological Record","人类学","Anthropology","https://top.zhan.com/toefl/read/practicereview-2436-13.html","https://top.zhan.com/toefl/read/alltpo69.html"
"tpo67","67","3","2437","Taxonomy of Organisms","生物学","Biology","https://top.zhan.com/toefl/read/practicereview-2437-13.html","https://top.zhan.com/toefl/read/alltpo69.html"
"tpo68","68","1","2421","Salt and the Rise of Venice","商业","Business","https://top.zhan.com/toefl/read/practicereview-2421-13.html","https://top.zhan.com/toefl/read/alltpo69.html"
"tpo68","68","2","2422","Predicting Volcanic Eruptions","地理学","Geography","https://top.zhan.com/toefl/read/practicereview-2422-13.html","https://top.zhan.com/toefl/read/alltpo69.html"
"tpo68","68","3","2423","Research into Aging and Extending Life Span","医学","Medicine","https://top.zhan.com/toefl/read/practicereview-2423-13.html","https://top.zhan.com/toefl/read/alltpo69.html"
"tpo69","69","1","2407","Why Snakes Have Forked Tongues","动物学","Zoology","https://top.zhan.com/toefl/read/practicereview-2407-13.html","https://top.zhan.com/toefl/read/alltpo69.html"
"tpo69","69","2","2408","Pacific Ecosystems","生态学","Ecology","https://top.zhan.com/toefl/read/practicereview-2408-13.html","https://top.zhan.com/toefl/read/alltpo69.html"
"tpo69","69","3","2409","Ancient Southwestern Cultures","历史","History","https://top.zhan.com/toefl/read/practicereview-2409-13.html","https://top.zhan.com/toefl/read/alltpo69.html"
"tpo70","70","1","2481","The Development of Chinese Dynasties","历史","History","https://top.zhan.com/toefl/read/practicereview-2481-13.html","https://top.zhan.com/toefl/read/alltpo71.html"
"tpo70","70","2","2482","Nineteenth-Century Theories of Mountain Formation","地理学","Geography","https://top.zhan.com/toefl/read/practicereview-2482-13.html","https://top.zhan.com/toefl/read/alltpo71.html"
"tpo70","70","3","2483","Functionalism","社会学","Sociology","https://top.zhan.com/toefl/read/practicereview-2483-13.html","https://top.zhan.com/toefl/read/alltpo71.html"
"tpo71","71","1","2635","Electrical Energy from the Ocean","生态学","Ecology","https://top.zhan.com/toefl/read/practicereview-2635-13.html","https://top.zhan.com/toefl/read/alltpo71.html"
"tpo71","71","2","2636","Minoan Palaces","历史","History","https://top.zhan.com/toefl/read/practicereview-2636-13.html","https://top.zhan.com/toefl/read/alltpo71.html"
"tpo71","71","3","2637","The Productivity of Wet Rice Farming","农业","Agriculture","https://top.zhan.com/toefl/read/practicereview-2637-13.html","https://top.zhan.com/toefl/read/alltpo71.html"
"tpo72","72","1","2704","Invading Algae","生态学","Ecology","https://top.zhan.com/toefl/read/practicereview-2704-13.html","https://top.zhan.com/toefl/read/alltpo75.html"
"tpo72","72","2","2706","The Impact Origin of Lunar Craters","天文学","Astronomy","https://top.zhan.com/toefl/read/practicereview-2706-13.html","https://top.zhan.com/toefl/read/alltpo75.html"
"tpo72","72","3","2705","Cities and Kingdoms in Alexander’s Empire","历史","History","https://top.zhan.com/toefl/read/practicereview-2705-13.html","https://top.zhan.com/toefl/read/alltpo75.html"
"tpo73","73","1","2684","How Effective Are Structural Plant Defenses?","植物学","Botany","https://top.zhan.com/toefl/read/practicereview-2684-13.html","https://top.zhan.com/toefl/read/alltpo75.html"
"tpo73","73","2","2695","Writing History","历史","History","https://top.zhan.com/toefl/read/practicereview-2695-13.html","https://top.zhan.com/toefl/read/alltpo75.html"
"tpo73","73","3","2700","Stellar Remnants","天文学","Astronomy","https://top.zhan.com/toefl/read/practicereview-2700-13.html","https://top.zhan.com/toefl/read/alltpo75.html"
"tpo74","74","1","2649","Early Horses","生物学","Biology","https://top.zhan.com/toefl/read/practicereview-2649-13.html","https://top.zhan.com/toefl/read/alltpo75.html"
"tpo74","74","2","2650","The Commercialization of Pearl River Agriculture","历史","History","https://top.zhan.com/toefl/read/practicereview-2650-13.html","https://top.zhan.com/toefl/read/alltpo75.html"
"tpo74","74","3","2651","Lunar History","天文学","Astronomy","https://top.zhan.com/toefl/read/practicereview-2651-13.html","https://top.zhan.com/toefl/read/alltpo75.html"
"tpo75","75","1","2666","Clutch Size in Birds","生物学","Biology","https://top.zhan.com/toefl/read/practicereview-2666-13.html","https://top.zhan.com/toefl/read/alltpo75.html"
"tpo75","75","2","2673","The Palaces of Minoan Crete","历史","History","https://top.zhan.com/toefl/read/practicereview-2673-13.html","https://top.zhan.com/toefl/read/alltpo75.html"
"tpo75","75","3","2675","Seismic Waves","地理学","Geography","https://top.zhan.com/toefl/read/practicereview-2675-13.html","https://top.zhan.com/toefl/read/alltpo75.html"
